TimeStart1,CurrentSS1,CCNNumberConc1
18.09.2019 10:39:00,0.15,0.0794668
18.09.2019 10:43:00,0.15,0.0600021
18.09.2019 10:44:00,0.15,0
18.09.2019 10:45:00,0.15,0.0397392
18.09.2019 10:46:00,0.15,0.0795664
18.09.2019 10:47:00,0.15,0.0594104
18.09.2019 10:48:00,0.15,0.0981599
18.09.2019 10:49:00,0.15,0.0200471
18.09.2019 10:50:00,0.15,0.137915
18.09.2019 10:51:00,0.15,0.0942924
18.09.2019 10:52:00,0.15,0.0233614
18.09.2019 10:53:00,0.15,0.0789267
18.09.2019 10:54:00,0.15,0.137057
18.09.2019 10:55:00,0.15,0.0782585
18.09.2019 10:56:00,0.15,0.0782647
18.09.2019 10:57:00,0.15,0.137353
18.09.2019 10:58:00,0.15,0.0944242
18.09.2019 10:59:00,0.2,0.117286
18.09.2019 11:03:00,0.2,0.215189
18.09.2019 11:04:00,0.2,0.313243
18.09.2019 11:05:00,0.2,0.215261
18.09.2019 11:06:00,0.2,0.253818
18.09.2019 11:07:00,0.2,0.410083
18.09.2019 11:08:00,0.2,0.331759
18.09.2019 11:09:00,0.3,3.30098
18.09.2019 11:13:00,0.3,5.40843
18.09.2019 11:14:00,0.3,7.31804
18.09.2019 11:15:00,0.3,9.69102
18.09.2019 11:16:00,0.3,10.275
18.09.2019 11:17:00,0.3,11.2394
18.09.2019 11:18:00,0.3,10.3851
18.09.2019 11:19:00,0.5,38.0821
18.09.2019 11:23:00,0.5,37.9076
18.09.2019 11:24:00,0.5,34.0144
18.09.2019 11:25:00,0.5,49.6689
18.09.2019 11:26:00,0.5,62.8742
18.09.2019 11:27:00,0.5,40.3516
18.09.2019 11:28:00,0.5,61.8896
18.09.2019 11:29:00,1,238.344
18.09.2019 11:33:00,1,379.576
18.09.2019 11:34:00,1,179.991
18.09.2019 11:35:00,1,52.8527
18.09.2019 11:36:00,1,60.3206
18.09.2019 11:37:00,1,69.6802
18.09.2019 11:38:00,1,226.723
18.09.2019 11:39:00,0.15,15.9193
18.09.2019 11:43:00,0.15,15.7695
18.09.2019 11:44:00,0.15,16.1291
18.09.2019 11:45:00,0.15,17.9341
18.09.2019 11:46:00,0.15,17.557
18.09.2019 11:47:00,0.15,17.9739
18.09.2019 11:48:00,0.15,18.4204
18.09.2019 11:49:00,0.15,19.8357
18.09.2019 11:50:00,0.15,19.8005
18.09.2019 11:51:00,0.15,18.3414
18.09.2019 11:52:00,0.15,19.19
18.09.2019 11:53:00,0.15,21.3851
18.09.2019 11:54:00,0.15,19.3747
18.09.2019 11:55:00,0.15,20.3698
18.09.2019 11:56:00,0.15,22.0201
18.09.2019 11:57:00,0.15,23.5308
18.09.2019 11:58:00,0.15,20.9432
18.09.2019 11:59:00,0.2,28.4437
18.09.2019 12:03:00,0.2,31.0228
18.09.2019 12:04:00,0.2,30.0781
18.09.2019 12:05:00,0.2,30.0397
18.09.2019 12:06:00,0.2,31.0979
18.09.2019 12:07:00,0.2,31.0741
18.09.2019 12:08:00,0.2,34.8087
18.09.2019 12:09:00,0.3,40.8117
18.09.2019 12:13:00,0.3,36.4341
18.09.2019 12:14:00,0.3,35.4569
18.09.2019 12:15:00,0.3,36.791
18.09.2019 12:16:00,0.3,35.9723
18.09.2019 12:17:00,0.3,36.5498
18.09.2019 12:18:00,0.3,37.1537
18.09.2019 12:19:00,0.5,27.064
18.09.2019 12:23:00,0.5,50.1006
18.09.2019 12:24:00,0.5,39.5965
18.09.2019 12:25:00,,
18.09.2019 12:26:00,,
18.09.2019 12:27:00,0.5,24.5995
18.09.2019 12:28:00,0.5,22.0457
18.09.2019 12:29:00,,
18.09.2019 12:33:00,,
18.09.2019 12:34:00,,
18.09.2019 12:35:00,,
18.09.2019 12:36:00,,
18.09.2019 12:37:00,,
18.09.2019 12:38:00,,
18.09.2019 12:39:00,,
18.09.2019 12:43:00,,
18.09.2019 12:44:00,,
18.09.2019 12:45:00,,
18.09.2019 12:46:00,,
18.09.2019 12:47:00,,
18.09.2019 12:48:00,,
18.09.2019 12:49:00,,
18.09.2019 12:50:00,,
18.09.2019 12:51:00,,
18.09.2019 12:52:00,,
18.09.2019 12:53:00,,
18.09.2019 12:54:00,,
18.09.2019 12:55:00,,
18.09.2019 12:56:00,,
18.09.2019 12:57:00,,
18.09.2019 12:58:00,,
18.09.2019 12:59:00,,
18.09.2019 13:03:00,,
18.09.2019 13:04:00,,
18.09.2019 13:05:00,,
18.09.2019 13:06:00,,
18.09.2019 13:07:00,,
18.09.2019 13:08:00,,
18.09.2019 13:09:00,,
18.09.2019 13:13:00,,
18.09.2019 13:14:00,,
18.09.2019 13:15:00,,
18.09.2019 13:16:00,,
18.09.2019 13:17:00,,
18.09.2019 13:18:00,,
18.09.2019 13:19:00,,
18.09.2019 13:23:00,,
18.09.2019 13:24:00,,
18.09.2019 13:25:00,,
18.09.2019 13:26:00,,
18.09.2019 13:27:00,,
18.09.2019 13:28:00,,
18.09.2019 13:29:00,,
18.09.2019 13:33:00,,
18.09.2019 13:34:00,,
18.09.2019 13:35:00,,
18.09.2019 13:36:00,,
18.09.2019 13:37:00,,
18.09.2019 13:38:00,,
18.09.2019 13:39:00,,
18.09.2019 13:43:00,,
18.09.2019 13:44:00,,
18.09.2019 13:45:00,,
18.09.2019 13:46:00,,
18.09.2019 13:47:00,,
18.09.2019 13:48:00,,
18.09.2019 13:49:00,,
18.09.2019 13:50:00,,
18.09.2019 13:51:00,,
18.09.2019 13:52:00,,
18.09.2019 13:53:00,,
18.09.2019 13:54:00,,
18.09.2019 13:55:00,,
18.09.2019 13:56:00,,
18.09.2019 13:57:00,,
18.09.2019 13:58:00,,
18.09.2019 13:59:00,,
18.09.2019 14:03:00,,
18.09.2019 14:04:00,,
18.09.2019 14:05:00,,
18.09.2019 14:06:00,,
18.09.2019 14:07:00,,
18.09.2019 14:08:00,,
18.09.2019 14:09:00,,
18.09.2019 14:13:00,,
18.09.2019 14:14:00,0.3,17.8057
18.09.2019 14:15:00,0.3,20.8484
18.09.2019 14:16:00,0.3,19.2443
18.09.2019 14:17:00,0.3,18.657
18.09.2019 14:18:00,0.3,20.9379
18.09.2019 14:19:00,0.5,20.8374
18.09.2019 14:23:00,0.5,22.5792
18.09.2019 14:24:00,0.5,24.6789
18.09.2019 14:25:00,0.5,26.0259
18.09.2019 14:26:00,0.5,27.9645
18.09.2019 14:27:00,0.5,35.5524
18.09.2019 14:28:00,0.5,30.2123
18.09.2019 14:29:00,1,32.6099
18.09.2019 14:33:00,1,33.8979
18.09.2019 14:34:00,1,57.5518
18.09.2019 14:35:00,1,45.8582
18.09.2019 14:36:00,1,44.4828
18.09.2019 14:37:00,1,52.3126
18.09.2019 14:38:00,1,62.5333
18.09.2019 14:39:00,0.15,29.2562
18.09.2019 14:43:00,0.15,19.6737
18.09.2019 14:44:00,0.15,15.5647
18.09.2019 14:45:00,0.15,15.1857
18.09.2019 14:46:00,0.15,13.5889
18.09.2019 14:47:00,,
18.09.2019 14:48:00,0.15,13.5751
18.09.2019 14:49:00,0.15,13.3174
18.09.2019 14:50:00,0.15,16.2445
18.09.2019 14:51:00,0.15,16.9997
18.09.2019 14:52:00,,
18.09.2019 14:53:00,0.15,16.6347
18.09.2019 14:54:00,0.15,15.9147
18.09.2019 14:55:00,,
18.09.2019 14:56:00,0.15,16.0758
18.09.2019 14:57:00,0.15,18.6215
18.09.2019 14:58:00,,
18.09.2019 14:59:00,0.2,19.0654
18.09.2019 15:03:00,0.2,21.4001
18.09.2019 15:04:00,0.2,25.8923
18.09.2019 15:05:00,0.2,41.5497
18.09.2019 15:06:00,0.2,31.3533
18.09.2019 15:07:00,0.2,23.3442
18.09.2019 15:08:00,0.2,20.2838
18.09.2019 15:09:00,0.3,26.4934
18.09.2019 15:13:00,0.3,21.923
18.09.2019 15:14:00,0.3,25.1444
18.09.2019 15:15:00,0.3,17.6739
18.09.2019 15:16:00,0.3,16.2724
18.09.2019 15:17:00,0.3,24.5728
18.09.2019 15:18:00,0.3,173.191
18.09.2019 15:19:00,0.5,36.1069
18.09.2019 15:23:00,0.5,27.6256
18.09.2019 15:24:00,0.5,25.4391
18.09.2019 15:25:00,0.5,22.7599
18.09.2019 15:26:00,0.5,32.0735
18.09.2019 15:27:00,0.5,34.4181
18.09.2019 15:28:00,0.5,26.5031
18.09.2019 15:29:00,1,33.6715
18.09.2019 15:33:00,1,46.9645
18.09.2019 15:34:00,1,65.5184
18.09.2019 15:35:00,1,89.4356
18.09.2019 15:36:00,1,128.734
18.09.2019 15:37:00,1,336.086
18.09.2019 15:38:00,1,261.85
18.09.2019 15:39:00,0.15,28.2106
18.09.2019 15:43:00,0.15,25.2037
18.09.2019 15:44:00,0.15,11.6517
18.09.2019 15:45:00,0.15,10.2205
18.09.2019 15:46:00,0.15,6.46828
18.09.2019 15:47:00,0.15,24.0494
18.09.2019 15:48:00,0.15,10.0993
18.09.2019 15:49:00,0.15,11.6915
18.09.2019 15:50:00,0.15,8.58427
18.09.2019 15:51:00,0.15,11.1279
18.09.2019 15:52:00,0.15,7.07642
18.09.2019 15:53:00,0.15,8.632
18.09.2019 15:54:00,0.15,8.01947
18.09.2019 15:55:00,0.15,8.35338
18.09.2019 15:56:00,0.15,8.05916
18.09.2019 15:57:00,0.15,7.80993
18.09.2019 15:58:00,0.15,8.67509
18.09.2019 15:59:00,0.2,7.77417
18.09.2019 16:03:00,0.2,10.4208
18.09.2019 16:04:00,0.2,11.8666
18.09.2019 16:05:00,0.2,11.3851
18.09.2019 16:06:00,0.2,10.4021
18.09.2019 16:07:00,0.2,11.0454
18.09.2019 16:08:00,0.2,11.5677
18.09.2019 16:09:00,0.3,12.4097
18.09.2019 16:13:00,0.3,14.1895
18.09.2019 16:14:00,0.3,13.7434
18.09.2019 16:15:00,0.3,14.1625
18.09.2019 16:16:00,0.3,14.8199
18.09.2019 16:17:00,0.3,12.0936
18.09.2019 16:18:00,0.3,12.9271
18.09.2019 16:19:00,0.5,16.8071
18.09.2019 16:23:00,0.5,19.4617
18.09.2019 16:24:00,0.5,20.511
18.09.2019 16:25:00,0.5,21.7436
18.09.2019 16:26:00,0.5,47.0467
18.09.2019 16:27:00,0.5,83.5322
18.09.2019 16:28:00,0.5,52.7895
18.09.2019 16:29:00,1,56.89
18.09.2019 16:33:00,1,40.1554
18.09.2019 16:34:00,1,33.9575
18.09.2019 16:35:00,1,26.7028
18.09.2019 16:36:00,1,24.5465
18.09.2019 16:37:00,1,24.5159
18.09.2019 16:38:00,1,25.7672
18.09.2019 16:39:00,0.15,20.6635
18.09.2019 16:43:00,0.15,11.2911
18.09.2019 16:44:00,0.15,10.5295
18.09.2019 16:45:00,0.15,11.1772
18.09.2019 16:46:00,0.15,8.70971
18.09.2019 16:47:00,0.15,10.458
18.09.2019 16:48:00,0.15,8.90958
18.09.2019 16:49:00,,
18.09.2019 16:50:00,,
18.09.2019 16:51:00,0.15,10.9564
18.09.2019 16:52:00,0.15,11.4728
18.09.2019 16:53:00,0.15,12.5368
18.09.2019 16:54:00,0.15,11.8492
18.09.2019 16:55:00,0.15,11.261
18.09.2019 16:56:00,0.15,11.6665
18.09.2019 16:57:00,0.15,11.7004
18.09.2019 16:58:00,0.15,12.9128
18.09.2019 16:59:00,0.2,20.4596
18.09.2019 17:02:10,0.2,22.278
18.09.2019 17:03:10,0.2,23.8341
18.09.2019 17:04:10,0.2,24.6141
18.09.2019 17:05:10,0.2,23.6315
18.09.2019 17:06:10,0.2,21.4157
18.09.2019 17:07:10,0.2,20.2505
18.09.2019 17:08:10,0.2,19.3636
18.09.2019 17:09:10,0.3,23.7701
18.09.2019 17:13:10,0.3,24.7242
18.09.2019 17:14:10,,
18.09.2019 17:15:10,,
18.09.2019 17:16:10,0.3,25.2438
18.09.2019 17:17:10,0.3,21.6563
18.09.2019 17:18:10,,
18.09.2019 17:19:10,0.5,29.7257
18.09.2019 17:23:10,0.5,33.8298
18.09.2019 17:24:10,0.5,33.6262
18.09.2019 17:25:10,0.5,36.0487
18.09.2019 17:26:10,0.5,44.4609
18.09.2019 17:27:10,0.5,51.7733
18.09.2019 17:28:10,0.5,44.6961
18.09.2019 17:29:10,1,202.697
18.09.2019 17:33:10,1,172.12
18.09.2019 17:34:10,1,154.268
18.09.2019 17:35:10,1,117.7
18.09.2019 17:36:10,1,113.388
18.09.2019 17:37:10,1,102.761
18.09.2019 17:38:10,1,99.8959
18.09.2019 17:39:10,0.15,21.2355
18.09.2019 17:43:10,,
18.09.2019 17:44:10,,
18.09.2019 17:45:10,,
18.09.2019 17:46:10,,
18.09.2019 17:47:10,,
18.09.2019 17:48:10,,
18.09.2019 17:49:10,,
18.09.2019 17:50:10,,
18.09.2019 17:51:10,,
18.09.2019 17:52:10,,
18.09.2019 17:53:10,,
18.09.2019 17:54:10,,
18.09.2019 17:55:10,,
18.09.2019 17:56:10,,
18.09.2019 17:57:10,,
18.09.2019 17:58:10,,
18.09.2019 17:59:10,0.2,19.1153
18.09.2019 18:03:10,0.2,15.9977
18.09.2019 18:04:10,0.2,15.4337
18.09.2019 18:05:10,0.2,16.6266
18.09.2019 18:06:10,0.2,18.7039
18.09.2019 18:07:10,0.2,15.8703
18.09.2019 18:08:10,0.2,16.4573
18.09.2019 18:09:10,0.3,21.6833
18.09.2019 18:13:10,0.3,20.1714
18.09.2019 18:14:10,0.3,19.8495
18.09.2019 18:15:10,0.3,23.3381
18.09.2019 18:16:10,0.3,20.8954
18.09.2019 18:17:10,0.3,19.5631
18.09.2019 18:18:10,0.3,21.218
18.09.2019 18:19:10,0.5,66.7268
18.09.2019 18:23:10,0.5,44.5996
18.09.2019 18:24:10,0.5,46.7601
18.09.2019 18:25:10,0.5,47.7184
18.09.2019 18:26:10,0.5,69.9731
18.09.2019 18:27:10,0.5,77.6286
18.09.2019 18:28:10,0.5,93.4428
18.09.2019 18:29:10,1,98.974
18.09.2019 18:33:10,1,84.0501
18.09.2019 18:34:10,1,74.2678
18.09.2019 18:35:10,,
18.09.2019 18:36:10,1,67.6178
18.09.2019 18:37:10,,
18.09.2019 18:38:10,1,82.7218
18.09.2019 18:39:10,,
18.09.2019 18:43:10,,
18.09.2019 18:44:10,,
18.09.2019 18:45:10,,
18.09.2019 18:46:10,,
18.09.2019 18:47:10,,
18.09.2019 18:48:10,,
18.09.2019 18:49:10,,
18.09.2019 18:50:10,,
18.09.2019 18:51:10,,
18.09.2019 18:52:10,,
18.09.2019 18:53:10,0.15,30.2477
18.09.2019 18:54:10,0.15,29.3351
18.09.2019 18:55:10,0.15,32.088
18.09.2019 18:56:10,0.15,32.7468
18.09.2019 18:57:10,0.15,30.837
18.09.2019 18:58:10,0.15,32.0031
18.09.2019 18:59:10,0.2,44.4696
18.09.2019 19:03:10,0.2,49.0159
18.09.2019 19:04:10,0.2,53.6826
18.09.2019 19:05:10,0.2,55.3503
18.09.2019 19:06:10,0.2,49.9484
18.09.2019 19:07:10,0.2,47.3324
18.09.2019 19:08:10,0.2,45.7285
18.09.2019 19:09:10,0.3,64.151
18.09.2019 19:13:10,0.3,51.7683
18.09.2019 19:14:10,0.3,63.0682
18.09.2019 19:15:10,0.3,71.7619
18.09.2019 19:16:10,0.3,55.878
18.09.2019 19:17:10,0.3,49.6679
18.09.2019 19:18:10,0.3,48.5073
18.09.2019 19:19:10,0.5,54.0853
18.09.2019 19:23:10,0.5,51.8591
18.09.2019 19:24:10,0.5,60.1418
18.09.2019 19:25:10,0.5,66.1357
18.09.2019 19:26:10,0.5,83.5256
18.09.2019 19:27:10,0.5,62.3572
18.09.2019 19:28:10,0.5,57.2953
18.09.2019 19:29:10,1,52.6908
18.09.2019 19:33:10,1,45.0049
18.09.2019 19:34:10,1,64.3022
18.09.2019 19:35:10,1,98.9895
18.09.2019 19:36:10,1,52.6309
18.09.2019 19:37:10,1,53.7412
18.09.2019 19:38:10,1,77.2024
18.09.2019 19:39:10,0.15,40.6273
18.09.2019 19:43:10,0.15,24.164
18.09.2019 19:44:10,0.15,21.0671
18.09.2019 19:45:10,0.15,21.7522
18.09.2019 19:46:10,0.15,21.376
18.09.2019 19:47:10,0.15,24.2913
18.09.2019 19:48:10,0.15,27.8518
18.09.2019 19:49:10,0.15,32.2756
18.09.2019 19:50:10,0.15,33.4974
18.09.2019 19:51:10,,
18.09.2019 19:52:10,0.15,34.9867
18.09.2019 19:53:10,0.15,31.3528
18.09.2019 19:54:10,,
18.09.2019 19:55:10,,
18.09.2019 19:56:10,0.15,27.8649
18.09.2019 19:57:10,,
18.09.2019 19:58:10,,
18.09.2019 19:59:10,,
18.09.2019 20:03:10,,
18.09.2019 20:04:10,,
18.09.2019 20:05:10,,
18.09.2019 20:06:10,,
18.09.2019 20:07:10,,
18.09.2019 20:08:10,,
18.09.2019 20:09:10,,
18.09.2019 20:13:10,,
18.09.2019 20:14:10,0.3,33.6755
18.09.2019 20:15:10,0.3,33.4665
18.09.2019 20:16:10,0.3,34.3169
18.09.2019 20:17:10,0.3,43.4475
18.09.2019 20:18:10,0.3,37.2855
18.09.2019 20:19:10,0.5,42.9283
18.09.2019 20:23:10,0.5,42.8513
18.09.2019 20:24:10,0.5,39.7645
18.09.2019 20:25:10,0.5,40.7524
18.09.2019 20:26:10,0.5,38.8613
18.09.2019 20:27:10,0.5,40.3486
18.09.2019 20:28:10,0.5,38.1735
18.09.2019 20:29:10,1,147.958
18.09.2019 20:33:10,1,195.371
18.09.2019 20:34:10,1,159.012
18.09.2019 20:35:10,1,117.643
18.09.2019 20:36:10,1,148.612
18.09.2019 20:37:10,1,237.336
18.09.2019 20:38:10,1,275.456
18.09.2019 20:39:10,,
18.09.2019 20:43:10,,
18.09.2019 20:44:10,,
18.09.2019 20:45:10,,
18.09.2019 20:46:10,,
18.09.2019 20:47:10,,
18.09.2019 20:48:10,,
18.09.2019 20:49:10,,
18.09.2019 20:50:10,,
18.09.2019 20:51:10,,
18.09.2019 20:52:10,,
18.09.2019 20:53:10,,
18.09.2019 20:54:10,0.15,31.5213
18.09.2019 20:55:10,0.15,26.9565
18.09.2019 20:56:10,0.15,29.0186
18.09.2019 20:57:10,0.15,27.9511
18.09.2019 20:58:10,0.15,26.4701
18.09.2019 20:59:10,0.2,36.9803
18.09.2019 21:03:10,0.2,36.5724
18.09.2019 21:04:10,0.2,41.7831
18.09.2019 21:05:10,0.2,43.1771
18.09.2019 21:06:10,0.2,42.8004
18.09.2019 21:07:10,0.2,41.6028
18.09.2019 21:08:10,0.2,41.8383
18.09.2019 21:09:10,0.3,39.4831
18.09.2019 21:13:10,0.3,39.7596
18.09.2019 21:14:10,0.3,34.341
18.09.2019 21:15:10,0.3,33.438
18.09.2019 21:16:10,0.3,28.1888
18.09.2019 21:17:10,0.3,22.6042
18.09.2019 21:18:10,0.3,25.7801
18.09.2019 21:19:10,0.5,25.7318
18.09.2019 21:23:10,0.5,22.0709
18.09.2019 21:24:10,0.5,22.6438
18.09.2019 21:25:10,0.5,21.5015
18.09.2019 21:26:10,0.5,21.4093
18.09.2019 21:27:10,0.5,22.0023
18.09.2019 21:28:10,0.5,22.9777
18.09.2019 21:29:10,1,34.266
18.09.2019 21:33:10,1,32.8193
18.09.2019 21:34:10,,
18.09.2019 21:35:10,1,34.0151
18.09.2019 21:36:10,1,32.4246
18.09.2019 21:37:10,,
18.09.2019 21:38:10,1,49.4434
18.09.2019 21:39:10,,
18.09.2019 21:43:10,,
18.09.2019 21:44:10,,
18.09.2019 21:45:10,,
18.09.2019 21:46:10,,
18.09.2019 21:47:10,,
18.09.2019 21:48:10,,
18.09.2019 21:49:10,,
18.09.2019 21:50:10,0.15,25.0991
18.09.2019 21:51:10,0.15,27.4747
18.09.2019 21:52:10,0.15,27.8276
18.09.2019 21:53:10,0.15,25.8381
18.09.2019 21:54:10,0.15,28.2206
18.09.2019 21:55:10,0.15,28.8202
18.09.2019 21:56:10,0.15,28.2236
18.09.2019 21:57:10,0.15,27.0249
18.09.2019 21:58:10,0.15,26.2511
18.09.2019 21:59:10,0.2,30.8276
18.09.2019 22:03:10,0.2,27.4242
18.09.2019 22:04:10,0.2,25.1857
18.09.2019 22:05:10,0.2,26.4096
18.09.2019 22:06:10,0.2,25.7569
18.09.2019 22:07:10,0.2,25.6126
18.09.2019 22:08:10,0.2,25.3707
18.09.2019 22:09:10,0.3,29.1953
18.09.2019 22:13:10,0.3,28.2435
18.09.2019 22:14:10,0.3,28.3559
18.09.2019 22:15:10,0.3,32.0058
18.09.2019 22:16:10,0.3,35.3025
18.09.2019 22:17:10,0.3,36.6395
18.09.2019 22:18:10,0.3,35.3382
18.09.2019 22:19:10,0.5,34.0608
18.09.2019 22:23:10,0.5,31.8506
18.09.2019 22:24:10,0.5,32.0934
18.09.2019 22:25:10,0.5,31.4008
18.09.2019 22:26:10,0.5,31.5738
18.09.2019 22:27:10,0.5,26.5983
18.09.2019 22:28:10,0.5,27.535
18.09.2019 22:29:10,,
18.09.2019 22:33:10,,
18.09.2019 22:34:10,,
18.09.2019 22:35:10,,
18.09.2019 22:36:10,,
18.09.2019 22:37:10,1,37.6447
18.09.2019 22:38:10,1,35.9713
18.09.2019 22:39:10,,
18.09.2019 22:43:10,,
18.09.2019 22:44:10,,
18.09.2019 22:45:10,,
18.09.2019 22:46:10,,
18.09.2019 22:47:10,,
18.09.2019 22:48:10,,
18.09.2019 22:49:10,,
18.09.2019 22:50:10,,
18.09.2019 22:51:10,0.15,21.9028
18.09.2019 22:52:10,,
18.09.2019 22:53:10,,
18.09.2019 22:54:10,0.15,22.7706
18.09.2019 22:55:10,0.15,23.9025
18.09.2019 22:56:10,0.15,20.9817
18.09.2019 22:57:10,0.15,24.1309
18.09.2019 22:58:10,0.15,23.3045
18.09.2019 22:59:10,0.2,29.3981
18.09.2019 23:03:10,0.2,32.0693
18.09.2019 23:04:10,0.2,32.8377
18.09.2019 23:05:10,0.2,36.1882
18.09.2019 23:06:10,0.2,35.2678
18.09.2019 23:07:10,0.2,33.8405
18.09.2019 23:08:10,0.2,34.9823
18.09.2019 23:09:10,0.3,49.6889
18.09.2019 23:13:10,0.3,50.4383
18.09.2019 23:14:10,0.3,47.9388
18.09.2019 23:15:10,0.3,40.0925
18.09.2019 23:16:10,0.3,43.1863
18.09.2019 23:17:10,0.3,36.9891
18.09.2019 23:18:10,0.3,40.0646
18.09.2019 23:19:10,0.5,29.4204
18.09.2019 23:23:10,0.5,29.7109
18.09.2019 23:24:10,0.5,44.3499
18.09.2019 23:25:10,0.5,48.2384
18.09.2019 23:26:10,0.5,51.2023
18.09.2019 23:27:10,0.5,41.85
18.09.2019 23:28:10,0.5,39.7185
18.09.2019 23:29:10,,
18.09.2019 23:33:10,,
18.09.2019 23:34:10,1,51.5934
18.09.2019 23:35:10,,
18.09.2019 23:36:10,,
18.09.2019 23:37:10,,
18.09.2019 23:38:10,,
18.09.2019 23:39:10,,
18.09.2019 23:43:10,0.15,10.6683
18.09.2019 23:44:10,,
18.09.2019 23:45:10,,
18.09.2019 23:46:10,,
18.09.2019 23:47:10,,
18.09.2019 23:48:10,,
18.09.2019 23:49:10,0.15,17.4813
18.09.2019 23:50:10,,
18.09.2019 23:51:10,,
18.09.2019 23:52:10,0.15,21.0282
18.09.2019 23:53:10,0.15,17.9747
18.09.2019 23:54:10,0.15,19.9859
18.09.2019 23:55:10,0.15,19.406
18.09.2019 23:56:10,0.15,18.4395
18.09.2019 23:57:10,0.15,17.4286
18.09.2019 23:58:10,0.15,16.6611
18.09.2019 23:59:10,0.2,19.3807
19.09.2019 00:03:10,0.2,19.1388
19.09.2019 00:04:10,0.2,20.626
19.09.2019 00:05:10,0.2,18.8077
19.09.2019 00:06:10,0.2,21.2956
19.09.2019 00:07:10,0.2,22.2758
19.09.2019 00:08:10,0.2,21.131
19.09.2019 00:09:10,0.3,25.3442
19.09.2019 00:13:10,0.3,26.3337
19.09.2019 00:14:10,0.3,26.7675
19.09.2019 00:15:10,0.3,28.8478
19.09.2019 00:16:10,0.3,28.5513
19.09.2019 00:17:10,0.3,28.8892
19.09.2019 00:18:10,0.3,28.6088
19.09.2019 00:19:10,,
19.09.2019 00:23:10,0.5,30.1839
19.09.2019 00:24:10,,
19.09.2019 00:25:10,0.5,30.6576
19.09.2019 00:26:10,,
19.09.2019 00:27:10,,
19.09.2019 00:28:10,,
19.09.2019 00:29:10,,
19.09.2019 00:33:10,1,31.6055
19.09.2019 00:34:10,1,31.7779
19.09.2019 00:35:10,1,30.3025
19.09.2019 00:36:10,1,29.5294
19.09.2019 00:37:10,1,30.9391
19.09.2019 00:38:10,1,31.4929
19.09.2019 00:39:10,0.15,22.937
19.09.2019 00:43:10,0.15,13.6063
19.09.2019 00:44:10,,
19.09.2019 00:45:10,,
19.09.2019 00:46:10,0.15,14.4255
19.09.2019 00:47:10,0.15,15.7131
19.09.2019 00:48:10,0.15,16.373
19.09.2019 00:49:10,0.15,16.9762
19.09.2019 00:50:10,0.15,17.5401
19.09.2019 00:51:10,0.15,16.9753
19.09.2019 00:52:10,0.15,16.4153
19.09.2019 00:53:10,0.15,16.7489
19.09.2019 00:54:10,0.15,17.277
19.09.2019 00:55:10,0.15,16.6322
19.09.2019 00:56:10,0.15,16.3239
19.09.2019 00:57:10,0.15,16.7213
19.09.2019 00:58:10,0.15,16.5397
19.09.2019 00:59:10,0.2,23.7619
19.09.2019 01:03:10,0.2,23.1554
19.09.2019 01:04:10,0.2,25.7741
19.09.2019 01:05:10,0.2,25.6045
19.09.2019 01:06:10,0.2,25.3622
19.09.2019 01:07:10,0.2,24.6687
19.09.2019 01:08:10,0.2,27.7083
19.09.2019 01:09:10,0.3,28.1712
19.09.2019 01:13:10,0.3,27.7805
19.09.2019 01:14:10,0.3,25.964
19.09.2019 01:15:10,0.3,27.6442
19.09.2019 01:16:10,0.3,29.1923
19.09.2019 01:17:10,0.3,28.2417
19.09.2019 01:18:10,0.3,27.2512
19.09.2019 01:19:10,0.5,33.9474
19.09.2019 01:23:10,0.5,30.8958
19.09.2019 01:24:10,,
19.09.2019 01:25:10,,
19.09.2019 01:26:10,0.5,30.5222
19.09.2019 01:27:10,,
19.09.2019 01:28:10,0.5,32.3271
19.09.2019 01:29:10,1,38.9077
19.09.2019 01:33:10,1,35.5775
19.09.2019 01:34:10,1,34.2522
19.09.2019 01:35:10,1,32.8384
19.09.2019 01:36:10,1,37.5779
19.09.2019 01:37:10,1,37.5041
19.09.2019 01:38:10,1,37.1039
19.09.2019 01:39:10,0.15,23.149
19.09.2019 01:43:10,0.15,12.52
19.09.2019 01:44:10,0.15,11.4302
19.09.2019 01:45:10,0.15,12.8732
19.09.2019 01:46:10,0.15,14.9198
19.09.2019 01:47:10,0.15,13.4095
19.09.2019 01:48:10,0.15,13.8655
19.09.2019 01:49:10,0.15,14.3852
19.09.2019 01:50:10,0.15,15.7095
19.09.2019 01:51:10,0.15,14.4258
19.09.2019 01:52:10,0.15,14.9052
19.09.2019 01:53:10,0.15,15.8532
19.09.2019 01:54:10,0.15,16.2745
19.09.2019 01:55:10,0.15,17.5547
19.09.2019 01:56:10,0.15,18.0443
19.09.2019 01:57:10,0.15,16.7882
19.09.2019 01:58:10,0.15,16.3847
19.09.2019 01:59:10,0.2,19.3563
19.09.2019 02:03:10,0.2,21.4479
19.09.2019 02:04:10,0.2,20.866
19.09.2019 02:05:10,0.2,20.3316
19.09.2019 02:06:10,0.2,21.018
19.09.2019 02:07:10,0.2,21.7741
19.09.2019 02:08:10,0.2,22.0819
19.09.2019 02:09:10,0.3,25.0294
19.09.2019 02:13:10,0.3,24.5338
19.09.2019 02:14:10,0.3,25.8696
19.09.2019 02:15:10,0.3,26.5257
19.09.2019 02:16:10,0.3,27.2215
19.09.2019 02:17:10,0.3,28.0325
19.09.2019 02:18:10,0.3,28.357
19.09.2019 02:19:10,0.5,33.2123
19.09.2019 02:23:10,0.5,32.4272
19.09.2019 02:24:10,0.5,31.5459
19.09.2019 02:25:10,0.5,32.3423
19.09.2019 02:26:10,0.5,34.1466
19.09.2019 02:27:10,0.5,37.7125
19.09.2019 02:28:10,,
19.09.2019 02:29:10,1,44.3
19.09.2019 02:33:10,,
19.09.2019 02:34:10,,
19.09.2019 02:35:10,,
19.09.2019 02:36:10,,
19.09.2019 02:37:10,,
19.09.2019 02:38:10,,
19.09.2019 02:39:10,,
19.09.2019 02:43:10,0.15,18.7567
19.09.2019 02:44:10,,
19.09.2019 02:45:10,,
19.09.2019 02:46:10,,
19.09.2019 02:47:10,,
19.09.2019 02:48:10,0.15,17.0883
19.09.2019 02:49:10,,
19.09.2019 02:50:10,0.15,18.9147
19.09.2019 02:51:10,0.15,20.5333
19.09.2019 02:52:10,0.15,20.7738
19.09.2019 02:53:10,0.15,21.1772
19.09.2019 02:54:10,0.15,20.7772
19.09.2019 02:55:10,0.15,20.6673
19.09.2019 02:56:10,0.15,21.3612
19.09.2019 02:57:10,0.15,20.2232
19.09.2019 02:58:10,0.15,19.7716
19.09.2019 02:59:10,0.2,27.0316
19.09.2019 03:03:10,0.2,28.7894
19.09.2019 03:04:10,0.2,30.0402
19.09.2019 03:05:10,0.2,31.0678
19.09.2019 03:06:10,0.2,30.408
19.09.2019 03:07:10,0.2,29.394
19.09.2019 03:08:10,0.2,27.1274
19.09.2019 03:09:10,0.3,35.3569
19.09.2019 03:13:10,0.3,33.2537
19.09.2019 03:14:10,0.3,33.5813
19.09.2019 03:15:10,0.3,31.6273
19.09.2019 03:16:10,0.3,30.4067
19.09.2019 03:17:10,0.3,31.9234
19.09.2019 03:18:10,0.3,33.7285
19.09.2019 03:19:10,0.5,44.0033
19.09.2019 03:23:10,0.5,39.6425
19.09.2019 03:24:10,0.5,36.8482
19.09.2019 03:25:10,0.5,41.286
19.09.2019 03:26:10,0.5,40.5773
19.09.2019 03:27:10,0.5,40.7731
19.09.2019 03:28:10,0.5,42.577
19.09.2019 03:29:10,,
19.09.2019 03:33:10,1,47.0904
19.09.2019 03:34:10,1,48.6971
19.09.2019 03:35:10,,
19.09.2019 03:36:10,,
19.09.2019 03:37:10,,
19.09.2019 03:38:10,1,47.149
19.09.2019 03:39:10,,
19.09.2019 03:43:10,,
19.09.2019 03:44:10,,
19.09.2019 03:45:10,,
19.09.2019 03:46:10,,
19.09.2019 03:47:10,,
19.09.2019 03:48:10,,
19.09.2019 03:49:10,0.15,16.5207
19.09.2019 03:50:10,0.15,19.6073
19.09.2019 03:51:10,0.15,19.1979
19.09.2019 03:52:10,0.15,20.1207
19.09.2019 03:53:10,0.15,18.5113
19.09.2019 03:54:10,0.15,17.5303
19.09.2019 03:55:10,0.15,19.9086
19.09.2019 03:56:10,0.15,19.1164
19.09.2019 03:57:10,0.15,17.8234
19.09.2019 03:58:10,0.15,19.1577
19.09.2019 03:59:10,0.2,18.3569
19.09.2019 04:03:10,0.2,27.0971
19.09.2019 04:04:10,0.2,27.3271
19.09.2019 04:05:10,0.2,26.3217
19.09.2019 04:06:10,0.2,26.7393
19.09.2019 04:07:10,0.2,26.6277
19.09.2019 04:08:10,,
19.09.2019 04:09:10,,
19.09.2019 04:13:10,,
19.09.2019 04:14:10,,
19.09.2019 04:15:10,0.3,38.9743
19.09.2019 04:16:10,,
19.09.2019 04:17:10,,
19.09.2019 04:18:10,,
19.09.2019 04:19:10,0.5,39.9173
19.09.2019 04:23:10,0.5,32.4451
19.09.2019 04:24:10,0.5,35.9245
19.09.2019 04:25:10,0.5,30.7769
19.09.2019 04:26:10,0.5,30.4223
19.09.2019 04:27:10,0.5,29.2951
19.09.2019 04:28:10,0.5,30.6654
19.09.2019 04:29:10,1,43.415
19.09.2019 04:33:10,1,42.5986
19.09.2019 04:34:10,1,49.4103
19.09.2019 04:35:10,1,49.4607
19.09.2019 04:36:10,1,46.3934
19.09.2019 04:37:10,1,46.4462
19.09.2019 04:38:10,1,41.2381
19.09.2019 04:39:10,0.15,21.1036
19.09.2019 04:43:10,0.15,10.9367
19.09.2019 04:44:10,0.15,9.41451
19.09.2019 04:45:10,0.15,10.8747
19.09.2019 04:46:10,0.15,9.57545
19.09.2019 04:47:10,0.15,11.2574
19.09.2019 04:48:10,0.15,13.1179
19.09.2019 04:49:10,0.15,13.7412
19.09.2019 04:50:10,0.15,14.0746
19.09.2019 04:51:10,0.15,14.0188
19.09.2019 04:52:10,0.15,13.2944
19.09.2019 04:53:10,0.15,11.9171
19.09.2019 04:54:10,0.15,13.255
19.09.2019 04:55:10,0.15,12.349
19.09.2019 04:56:10,0.15,12.4801
19.09.2019 04:57:10,0.15,11.6035
19.09.2019 04:58:10,0.15,12.8366
19.09.2019 04:59:10,0.2,14.6189
19.09.2019 05:03:10,0.2,18.9825
19.09.2019 05:04:10,0.2,18.1154
19.09.2019 05:05:10,0.2,18.1235
19.09.2019 05:06:10,0.2,17.7173
19.09.2019 05:07:10,0.2,17.9464
19.09.2019 05:08:10,,
19.09.2019 05:09:10,,
19.09.2019 05:13:10,,
19.09.2019 05:14:10,,
19.09.2019 05:15:10,,
19.09.2019 05:16:10,,
19.09.2019 05:17:10,,
19.09.2019 05:18:10,0.3,28.5098
19.09.2019 05:19:10,0.5,32.6752
19.09.2019 05:23:10,0.5,35.6052
19.09.2019 05:24:10,0.5,48.6852
19.09.2019 05:25:10,0.5,58.7736
19.09.2019 05:26:10,0.5,82.6816
19.09.2019 05:27:10,0.5,84.1772
19.09.2019 05:28:10,0.5,62.2574
19.09.2019 05:29:10,1,82.8376
19.09.2019 05:33:10,1,51.7879
19.09.2019 05:34:10,1,107.25
19.09.2019 05:35:10,1,219.959
19.09.2019 05:36:10,1,245.716
19.09.2019 05:37:10,1,135.9
19.09.2019 05:38:10,1,56.6086
19.09.2019 05:39:10,0.15,21.473
19.09.2019 05:43:10,0.15,11.6747
19.09.2019 05:44:10,0.15,11.0898
19.09.2019 05:45:10,0.15,10.3159
19.09.2019 05:46:10,0.15,9.78466
19.09.2019 05:47:10,0.15,11.0417
19.09.2019 05:48:10,0.15,12.8963
19.09.2019 05:49:10,0.15,13.8383
19.09.2019 05:50:10,0.15,14.6052
19.09.2019 05:51:10,0.15,14.5492
19.09.2019 05:52:10,0.15,14.982
19.09.2019 05:53:10,0.15,17.8649
19.09.2019 05:54:10,0.15,18.5947
19.09.2019 05:55:10,0.15,18.5287
19.09.2019 05:56:10,0.15,19.1736
19.09.2019 05:57:10,0.15,20.1063
19.09.2019 05:58:10,0.15,21.9194
19.09.2019 05:59:10,0.2,30.1869
19.09.2019 06:03:10,0.2,29.4784
19.09.2019 06:04:10,0.2,26.0918
19.09.2019 06:05:10,0.2,26.6102
19.09.2019 06:06:10,0.2,25.4494
19.09.2019 06:07:10,0.2,23.5581
19.09.2019 06:08:10,0.2,21.0145
19.09.2019 06:09:10,0.3,32.2665
19.09.2019 06:13:10,,
19.09.2019 06:14:10,0.3,35.3988
19.09.2019 06:15:10,0.3,32.331
19.09.2019 06:16:10,,
19.09.2019 06:17:10,0.3,33.3706
19.09.2019 06:18:10,,
19.09.2019 06:19:10,,
19.09.2019 06:23:10,0.5,51.6746
19.09.2019 06:24:10,0.5,53.7789
19.09.2019 06:25:10,0.5,29.6239
19.09.2019 06:26:10,0.5,28.3959
19.09.2019 06:27:10,0.5,29.4305
19.09.2019 06:28:10,0.5,26.1884
19.09.2019 06:29:10,1,38.8557
19.09.2019 06:33:10,1,38.3519
19.09.2019 06:34:10,1,40.1389
19.09.2019 06:35:10,1,38.6789
19.09.2019 06:36:10,1,38.0556
19.09.2019 06:37:10,1,42.435
19.09.2019 06:38:10,1,44.0797
19.09.2019 06:39:10,0.15,25.3515
19.09.2019 06:43:10,0.15,15.5181
19.09.2019 06:44:10,0.15,14.8805
19.09.2019 06:45:10,0.15,12.9967
19.09.2019 06:46:10,0.15,15.1974
19.09.2019 06:47:10,0.15,15.6034
19.09.2019 06:48:10,0.15,15.8391
19.09.2019 06:49:10,0.15,16.403
19.09.2019 06:50:10,0.15,16.0331
19.09.2019 06:51:10,0.15,17.2883
19.09.2019 06:52:10,0.15,19.5116
19.09.2019 06:53:10,0.15,18.1022
19.09.2019 06:54:10,0.15,17.9062
19.09.2019 06:55:10,0.15,20.5624
19.09.2019 06:56:10,0.15,19.541
19.09.2019 06:57:10,0.15,19.4514
19.09.2019 06:58:10,0.15,17.6713
19.09.2019 06:59:10,0.2,20.5222
19.09.2019 07:03:10,0.2,22.4197
19.09.2019 07:04:10,0.2,24.3224
19.09.2019 07:05:10,0.2,22.2776
19.09.2019 07:06:10,0.2,21.5663
19.09.2019 07:07:10,0.2,21.3713
19.09.2019 07:08:10,0.2,22.4496
19.09.2019 07:09:10,0.3,29.0101
19.09.2019 07:13:10,0.3,28.8917
19.09.2019 07:14:10,0.3,27.3252
19.09.2019 07:15:10,0.3,33.6069
19.09.2019 07:16:10,0.3,25.6031
19.09.2019 07:17:10,0.3,18.6032
19.09.2019 07:18:10,0.3,20.7237
19.09.2019 07:19:10,0.5,26.3521
19.09.2019 07:23:10,0.5,26.9472
19.09.2019 07:24:10,0.5,25.4186
19.09.2019 07:25:10,0.5,27.8697
19.09.2019 07:26:10,0.5,30.5804
19.09.2019 07:27:10,0.5,24.4825
19.09.2019 07:28:10,0.5,25.3373
19.09.2019 07:29:10,1,35.7595
19.09.2019 07:33:10,1,55.6903
19.09.2019 07:34:10,1,43.8985
19.09.2019 07:35:10,1,43.5323
19.09.2019 07:36:10,1,47.4209
19.09.2019 07:37:10,1,40.0086
19.09.2019 07:38:10,1,38.1513
19.09.2019 07:39:10,0.15,19.3323
19.09.2019 07:43:10,,
19.09.2019 07:44:10,,
19.09.2019 07:45:10,,
19.09.2019 07:46:10,,
19.09.2019 07:47:10,,
19.09.2019 07:48:10,,
19.09.2019 07:49:10,,
19.09.2019 07:50:10,,
19.09.2019 07:51:10,,
19.09.2019 07:52:10,,
19.09.2019 07:53:10,,
19.09.2019 07:54:10,,
19.09.2019 07:55:10,,
19.09.2019 07:56:10,,
19.09.2019 07:57:10,,
19.09.2019 07:58:10,,
19.09.2019 07:59:10,,
19.09.2019 08:03:10,,
19.09.2019 08:04:10,0.2,28.3849
19.09.2019 08:05:10,0.2,17.8397
19.09.2019 08:06:10,0.2,21.7891
19.09.2019 08:07:10,0.2,22.082
19.09.2019 08:08:10,0.2,18.1715
19.09.2019 08:09:10,0.3,21.1842
19.09.2019 08:13:10,0.3,19.0312
19.09.2019 08:14:10,0.3,20.009
19.09.2019 08:15:10,0.3,23.4851
19.09.2019 08:16:10,0.3,23.3382
19.09.2019 08:17:10,0.3,30.0564
19.09.2019 08:18:10,0.3,27.775
19.09.2019 08:19:10,0.5,30.4806
19.09.2019 08:23:10,0.5,36.0584
19.09.2019 08:24:10,0.5,33.684
19.09.2019 08:25:10,0.5,28.9971
19.09.2019 08:26:10,0.5,28.8571
19.09.2019 08:27:10,0.5,38.5655
19.09.2019 08:28:10,0.5,36.3401
19.09.2019 08:29:10,1,62.2764
19.09.2019 08:33:10,1,68.5078
19.09.2019 08:34:10,1,74.6827
19.09.2019 08:35:10,1,57.3856
19.09.2019 08:36:10,1,59.0501
19.09.2019 08:37:10,1,51.0449
19.09.2019 08:38:10,1,53.9797
19.09.2019 08:39:10,,
19.09.2019 08:43:10,,
19.09.2019 08:44:10,,
19.09.2019 08:45:10,,
19.09.2019 08:46:10,,
19.09.2019 08:47:10,,
19.09.2019 08:48:10,,
19.09.2019 08:49:10,,
19.09.2019 08:50:10,0.15,15.5418
19.09.2019 08:51:10,,
19.09.2019 08:52:10,,
19.09.2019 08:53:10,,
19.09.2019 08:54:10,,
19.09.2019 08:55:10,,
19.09.2019 08:56:10,0.15,20.1331
19.09.2019 08:57:10,0.15,16.8868
19.09.2019 08:58:10,0.15,18.2691
19.09.2019 08:59:10,0.2,23.0437
19.09.2019 09:03:10,0.2,18.235
19.09.2019 09:04:10,0.2,18.6495
19.09.2019 09:05:10,0.2,18.5327
19.09.2019 09:06:10,0.2,17.321
19.09.2019 09:07:10,0.2,16.8633
19.09.2019 09:08:10,0.2,16.6337
19.09.2019 09:09:10,0.3,20.8807
19.09.2019 09:13:10,0.3,23.2261
19.09.2019 09:14:10,0.3,22.4584
19.09.2019 09:15:10,0.3,23.0487
19.09.2019 09:16:10,0.3,21.7877
19.09.2019 09:17:10,0.3,22.626
19.09.2019 09:18:10,0.3,21.4712
19.09.2019 09:19:10,0.5,39.5815
19.09.2019 09:23:10,0.5,37.6639
19.09.2019 09:24:10,0.5,38.5807
19.09.2019 09:25:10,0.5,36.0451
19.09.2019 09:26:10,0.5,38.5836
19.09.2019 09:27:10,0.5,36.2486
19.09.2019 09:28:10,0.5,34.8316
19.09.2019 09:29:10,1,119.826
19.09.2019 09:33:10,1,119.456
19.09.2019 09:34:10,1,124.183
19.09.2019 09:35:10,1,118.881
19.09.2019 09:36:10,1,111.051
19.09.2019 09:37:10,1,109.686
19.09.2019 09:38:10,1,124.254
19.09.2019 09:39:10,0.15,27.4098
19.09.2019 09:43:10,0.15,9.41933
19.09.2019 09:44:10,0.15,7.59166
19.09.2019 09:45:10,,
19.09.2019 09:46:10,,
19.09.2019 09:47:10,,
19.09.2019 09:48:10,,
19.09.2019 09:49:10,,
19.09.2019 09:50:10,,
19.09.2019 09:51:10,0.15,14.4427
19.09.2019 09:52:10,0.15,15.4097
19.09.2019 09:53:10,0.15,14.3403
19.09.2019 09:54:10,0.15,14.2123
19.09.2019 09:55:10,0.15,13.904
19.09.2019 09:56:10,0.15,16.8059
19.09.2019 09:57:10,0.15,17.767
19.09.2019 09:58:10,0.15,14.8051
19.09.2019 09:59:10,0.2,20.8687
19.09.2019 10:03:10,0.2,22.2547
19.09.2019 10:04:10,0.2,23.2806
19.09.2019 10:05:10,0.2,21.3146
19.09.2019 10:06:10,0.2,21.581
19.09.2019 10:07:10,0.2,22.4835
19.09.2019 10:08:10,0.2,20.9541
19.09.2019 10:09:10,0.3,26.93
19.09.2019 10:13:10,0.3,27.9278
19.09.2019 10:14:10,0.3,26.5477
19.09.2019 10:15:10,0.3,27.1647
19.09.2019 10:16:10,0.3,24.9282
19.09.2019 10:17:10,0.3,24.6871
19.09.2019 10:18:10,0.3,25.0374
19.09.2019 10:19:10,0.5,32.2834
19.09.2019 10:23:10,0.5,42.5042
19.09.2019 10:24:10,0.5,31.1399
19.09.2019 10:25:10,0.5,29.0498
19.09.2019 10:26:10,0.5,27.8259
19.09.2019 10:27:10,0.5,28.1082
19.09.2019 10:28:10,0.5,28.8877
19.09.2019 10:29:10,1,52.3584
19.09.2019 10:33:10,1,209.724
19.09.2019 10:34:10,1,236.551
19.09.2019 10:35:10,1,105.519
19.09.2019 10:36:10,1,138.472
19.09.2019 10:37:10,1,58.9915
19.09.2019 10:38:10,1,41.3596
19.09.2019 10:39:10,0.15,12.9624
19.09.2019 10:43:00,0.15,5.13724
19.09.2019 10:44:00,0.15,5.46968
19.09.2019 10:45:00,0.15,4.07778
19.09.2019 10:46:00,0.15,5.70656
19.09.2019 10:47:00,0.15,6.60779
19.09.2019 10:48:00,,
19.09.2019 10:49:00,0.15,7.96761
19.09.2019 10:50:00,,
19.09.2019 10:51:00,0.15,6.97431
19.09.2019 10:52:00,0.15,8.79082
19.09.2019 10:53:00,,
19.09.2019 10:54:00,0.15,7.92903
19.09.2019 10:55:00,0.15,7.53998
19.09.2019 10:56:00,0.15,8.47487
19.09.2019 10:57:00,0.15,8.39893
19.09.2019 10:58:00,,
19.09.2019 10:59:20,,
19.09.2019 11:00:10,0.15,6.70291
19.09.2019 11:04:10,0.15,6.38235
19.09.2019 11:05:10,0.15,7.55724
19.09.2019 11:06:10,0.15,6.84679
19.09.2019 11:07:10,0.15,7.43505
19.09.2019 11:08:10,0.15,7.85096
19.09.2019 11:09:10,0.15,8.44683
19.09.2019 11:10:10,0.15,7.2303
19.09.2019 11:11:10,0.15,8.41171
19.09.2019 11:12:10,0.15,7.87591
19.09.2019 11:13:10,0.15,7.15112
19.09.2019 11:14:10,0.15,7.91197
19.09.2019 11:15:10,0.15,7.52224
19.09.2019 11:16:10,0.15,7.37066
19.09.2019 11:17:10,0.15,8.01667
19.09.2019 11:18:10,0.15,7.80448
19.09.2019 11:19:10,0.15,7.78634
19.09.2019 11:20:10,0.2,10.9162
19.09.2019 11:24:10,0.2,15.8584
19.09.2019 11:25:10,0.2,10.2634
19.09.2019 11:26:10,0.2,9.64226
19.09.2019 11:27:10,0.2,12.7103
19.09.2019 11:28:10,0.2,14.1349
19.09.2019 11:29:10,0.2,17.8123
19.09.2019 11:30:10,0.3,25.1976
19.09.2019 11:34:10,0.3,27.4622
19.09.2019 11:35:10,0.3,29.2192
19.09.2019 11:36:10,0.3,25.8967
19.09.2019 11:37:10,0.3,27.4076
19.09.2019 11:38:10,0.3,23.6226
19.09.2019 11:39:10,0.3,24.4483
19.09.2019 11:40:10,0.5,40.2914
19.09.2019 11:44:10,0.5,30.745
19.09.2019 11:45:10,0.5,31.9917
19.09.2019 11:46:10,0.5,31.8855
19.09.2019 11:47:10,0.5,30.703
19.09.2019 11:48:10,0.5,35.5002
19.09.2019 11:49:10,0.5,33.5627
19.09.2019 11:50:10,1,63.2625
19.09.2019 11:54:00,1,60.9971
19.09.2019 11:55:00,1,64.5673
19.09.2019 11:56:00,1,54.8863
19.09.2019 11:57:00,1,54.1205
19.09.2019 11:58:00,1,59.5606
19.09.2019 11:59:00,,
19.09.2019 12:00:10,0.15,18.4572
19.09.2019 12:04:10,0.15,12.3987
19.09.2019 12:05:10,0.15,11.3964
19.09.2019 12:06:10,,
19.09.2019 12:07:10,,
19.09.2019 12:08:10,,
19.09.2019 12:09:10,,
19.09.2019 12:10:10,0.15,15.0047
19.09.2019 12:11:10,0.15,12.6892
19.09.2019 12:12:10,,
19.09.2019 12:13:10,,
19.09.2019 12:14:10,,
19.09.2019 12:15:10,,
19.09.2019 12:16:10,,
19.09.2019 12:17:10,,
19.09.2019 12:18:10,,
19.09.2019 12:19:10,,
19.09.2019 12:20:10,,
19.09.2019 12:24:10,,
19.09.2019 12:25:10,,
19.09.2019 12:26:10,,
19.09.2019 12:27:10,,
19.09.2019 12:28:10,,
19.09.2019 12:29:10,,
19.09.2019 12:30:10,,
19.09.2019 12:34:10,,
19.09.2019 12:35:10,,
19.09.2019 12:36:10,,
19.09.2019 12:37:10,,
19.09.2019 12:38:10,,
19.09.2019 12:39:10,,
19.09.2019 12:40:10,,
19.09.2019 12:44:10,,
19.09.2019 12:45:10,,
19.09.2019 12:46:10,,
19.09.2019 12:47:10,,
19.09.2019 12:48:10,,
19.09.2019 12:49:10,,
19.09.2019 12:50:10,,
19.09.2019 12:54:00,,
19.09.2019 12:55:00,,
19.09.2019 12:56:00,,
19.09.2019 12:57:00,,
19.09.2019 12:58:00,,
19.09.2019 12:59:00,,
19.09.2019 13:00:10,,
19.09.2019 13:04:10,,
19.09.2019 13:05:10,,
19.09.2019 13:06:10,,
19.09.2019 13:07:10,,
19.09.2019 13:08:10,,
19.09.2019 13:09:10,,
19.09.2019 13:10:10,,
19.09.2019 13:11:10,0.15,23.0494
19.09.2019 13:12:10,,
19.09.2019 13:13:10,0.15,22.9582
19.09.2019 13:14:10,,
19.09.2019 13:15:10,,
19.09.2019 13:16:10,0.15,26.0098
19.09.2019 13:17:10,0.15,26.1322
19.09.2019 13:18:10,0.15,25.1341
19.09.2019 13:19:10,,
19.09.2019 13:20:10,0.2,33.681
19.09.2019 13:24:10,0.2,30.747
19.09.2019 13:25:10,0.2,32.3296
19.09.2019 13:26:10,0.2,33.5617
19.09.2019 13:27:10,0.2,33.5551
19.09.2019 13:28:10,0.2,34.1957
19.09.2019 13:29:10,0.2,33.8092
19.09.2019 13:30:10,0.3,44.0314
19.09.2019 13:34:10,0.3,63.9469
19.09.2019 13:35:10,0.3,39.4658
19.09.2019 13:36:10,0.3,42.9658
19.09.2019 13:37:10,0.3,46.7622
19.09.2019 13:38:10,0.3,45.3951
19.09.2019 13:39:10,0.3,34.7468
19.09.2019 13:40:10,0.5,70.5809
19.09.2019 13:44:10,0.5,124.259
19.09.2019 13:45:10,0.5,67.749
19.09.2019 13:46:10,0.5,67.3195
19.09.2019 13:47:10,0.5,113.694
19.09.2019 13:48:10,0.5,36.2829
19.09.2019 13:49:10,0.5,31.9699
19.09.2019 13:50:10,1,39.2217
19.09.2019 13:54:00,1,35.2962
19.09.2019 13:55:00,1,37.4549
19.09.2019 13:56:00,1,37.265
19.09.2019 13:57:00,1,40.6675
19.09.2019 13:58:00,1,40.0944
19.09.2019 13:59:00,,
19.09.2019 14:00:10,0.15,22.6845
19.09.2019 14:04:10,,
19.09.2019 14:05:10,,
19.09.2019 14:06:10,,
19.09.2019 14:07:10,,
19.09.2019 14:08:10,,
19.09.2019 14:09:10,0.15,15.0966
19.09.2019 14:10:10,,
19.09.2019 14:11:10,0.15,13.7064
19.09.2019 14:12:10,,
19.09.2019 14:13:10,0.15,17.8883
19.09.2019 14:14:10,0.15,14.5393
19.09.2019 14:15:10,0.15,17.2038
19.09.2019 14:16:10,0.15,17.3276
19.09.2019 14:17:10,0.15,16.817
19.09.2019 14:18:10,0.15,17.5147
19.09.2019 14:19:10,0.15,18.3174
19.09.2019 14:20:10,0.2,24.6213
19.09.2019 14:24:10,0.2,22.3006
19.09.2019 14:25:10,0.2,23.6352
19.09.2019 14:26:10,0.2,22.5777
19.09.2019 14:27:10,0.2,22.3083
19.09.2019 14:28:10,0.2,24.4419
19.09.2019 14:29:10,0.2,25.6394
19.09.2019 14:30:10,0.3,32.2425
19.09.2019 14:34:10,0.3,29.8408
19.09.2019 14:35:10,0.3,30.729
19.09.2019 14:36:10,0.3,31.7773
19.09.2019 14:37:10,0.3,33.8286
19.09.2019 14:38:10,0.3,34.4221
19.09.2019 14:39:10,0.3,34.3145
19.09.2019 14:40:10,0.5,43.2477
19.09.2019 14:44:10,0.5,44.4529
19.09.2019 14:45:10,0.5,46.6898
19.09.2019 14:46:10,0.5,47.1367
19.09.2019 14:47:10,0.5,48.9731
19.09.2019 14:48:10,0.5,37.8708
19.09.2019 14:49:10,0.5,36.0457
19.09.2019 14:50:10,1,88.8384
19.09.2019 14:54:00,1,57.3855
19.09.2019 14:55:00,1,59.7315
19.09.2019 14:56:00,1,64.3879
19.09.2019 14:57:00,1,49.083
19.09.2019 14:58:00,1,50.6351
19.09.2019 14:59:00,,
19.09.2019 15:00:10,0.15,31.9927
19.09.2019 15:04:10,0.15,19.678
19.09.2019 15:05:10,,
19.09.2019 15:06:10,,
19.09.2019 15:07:10,,
19.09.2019 15:08:10,,
19.09.2019 15:09:10,,
19.09.2019 15:10:10,,
19.09.2019 15:11:10,0.15,25.682
19.09.2019 15:12:10,,
19.09.2019 15:13:10,,
19.09.2019 15:14:10,0.15,21.2231
19.09.2019 15:15:10,0.15,18.8767
19.09.2019 15:16:10,0.15,14.2849
19.09.2019 15:17:10,0.15,12.8165
19.09.2019 15:18:10,0.15,13.031
19.09.2019 15:19:10,0.15,13.9927
19.09.2019 15:20:10,0.2,16.8515
19.09.2019 15:24:10,0.2,15.8691
19.09.2019 15:25:10,0.2,16.4667
19.09.2019 15:26:10,0.2,15.2867
19.09.2019 15:27:10,0.2,16.5119
19.09.2019 15:28:10,0.2,15.2439
19.09.2019 15:29:10,0.2,15.7583
19.09.2019 15:30:10,0.3,23.6894
19.09.2019 15:34:10,,
19.09.2019 15:35:10,,
19.09.2019 15:36:10,,
19.09.2019 15:37:10,,
19.09.2019 15:38:10,,
19.09.2019 15:39:10,,
19.09.2019 15:40:10,,
19.09.2019 15:44:10,,
19.09.2019 15:45:10,,
19.09.2019 15:46:10,,
19.09.2019 15:47:10,,
19.09.2019 15:48:10,,
19.09.2019 15:49:10,,
19.09.2019 15:50:10,,
19.09.2019 15:54:00,,
19.09.2019 15:55:00,,
19.09.2019 15:56:00,,
19.09.2019 15:57:00,,
19.09.2019 15:58:00,,
19.09.2019 15:59:00,,
19.09.2019 16:00:10,,
19.09.2019 16:04:10,,
19.09.2019 16:05:10,,
19.09.2019 16:06:10,,
19.09.2019 16:07:10,,
19.09.2019 16:08:10,,
19.09.2019 16:09:10,,
19.09.2019 16:10:10,,
19.09.2019 16:11:10,,
19.09.2019 16:12:10,,
19.09.2019 16:13:10,0.15,12.6263
19.09.2019 16:14:10,,
19.09.2019 16:15:10,,
19.09.2019 16:16:10,,
19.09.2019 16:17:10,,
19.09.2019 16:18:10,0.15,19.6156
19.09.2019 16:19:10,,
19.09.2019 16:20:10,0.2,15.9981
19.09.2019 16:24:10,0.2,19.1403
19.09.2019 16:25:10,,
19.09.2019 16:26:10,0.2,20.8587
19.09.2019 16:27:10,0.2,22.7377
19.09.2019 16:28:10,0.2,19.315
19.09.2019 16:29:10,0.2,20.2817
19.09.2019 16:30:10,0.3,27.0135
19.09.2019 16:34:10,0.3,25.9861
19.09.2019 16:35:10,0.3,25.2337
19.09.2019 16:36:10,0.3,26.5786
19.09.2019 16:37:10,0.3,26.1909
19.09.2019 16:38:10,0.3,26.1537
19.09.2019 16:39:10,0.3,24.5095
19.09.2019 16:40:10,,
19.09.2019 16:44:10,0.5,30.9769
19.09.2019 16:45:10,0.5,34.2552
19.09.2019 16:46:10,0.5,69.5156
19.09.2019 16:47:10,0.5,71.2988
19.09.2019 16:48:10,0.5,67.5563
19.09.2019 16:49:10,0.5,79.3773
19.09.2019 16:50:10,1,103.494
19.09.2019 16:54:00,1,109.887
19.09.2019 16:55:00,1,114.164
19.09.2019 16:56:00,1,108.926
19.09.2019 16:57:00,1,126.968
19.09.2019 16:58:00,1,138.081
19.09.2019 16:59:00,,
19.09.2019 17:00:10,0.15,68.1956
19.09.2019 17:04:10,0.15,21.5162
19.09.2019 17:05:10,0.15,14.9879
19.09.2019 17:06:10,0.15,12.438
19.09.2019 17:07:10,,
19.09.2019 17:08:10,0.15,17.7304
19.09.2019 17:09:10,,
19.09.2019 17:10:10,0.15,17.7552
19.09.2019 17:11:10,0.15,17.988
19.09.2019 17:12:10,0.15,21.8844
19.09.2019 17:13:10,0.15,23.8508
19.09.2019 17:14:10,0.15,24.0077
19.09.2019 17:15:10,0.15,23.022
19.09.2019 17:16:10,0.15,22.8373
19.09.2019 17:17:10,0.15,20.8077
19.09.2019 17:18:10,0.15,20.1572
19.09.2019 17:19:10,0.15,21.5162
19.09.2019 17:20:10,0.2,26.1826
19.09.2019 17:24:10,0.2,27.0994
19.09.2019 17:25:10,0.2,27.5001
19.09.2019 17:26:10,0.2,27.9453
19.09.2019 17:27:10,0.2,28.203
19.09.2019 17:28:10,0.2,28.3096
19.09.2019 17:29:10,0.2,28.8663
19.09.2019 17:30:10,0.3,104.725
19.09.2019 17:34:10,0.3,92.999
19.09.2019 17:35:10,0.3,76.5413
19.09.2019 17:36:10,0.3,78.5784
19.09.2019 17:37:10,0.3,85.8136
19.09.2019 17:38:10,0.3,91.1836
19.09.2019 17:39:10,0.3,90.2728
19.09.2019 17:40:10,0.5,177.953
19.09.2019 17:44:10,0.5,117.983
19.09.2019 17:45:10,0.5,88.9884
19.09.2019 17:46:10,0.5,73.1962
19.09.2019 17:47:10,0.5,82.7502
19.09.2019 17:48:10,0.5,94.7108
19.09.2019 17:49:10,0.5,79.6341
19.09.2019 17:50:10,1,120.095
19.09.2019 17:54:00,1,170.724
19.09.2019 17:55:00,1,125.928
19.09.2019 17:56:00,1,143.5
19.09.2019 17:57:00,1,189.834
19.09.2019 17:58:00,1,202.396
19.09.2019 17:59:00,,
19.09.2019 18:00:10,0.15,38.3126
19.09.2019 18:04:10,0.15,20.6856
19.09.2019 18:05:10,0.15,18.0201
19.09.2019 18:06:10,,
19.09.2019 18:07:10,,
19.09.2019 18:08:10,,
19.09.2019 18:09:10,,
19.09.2019 18:10:10,,
19.09.2019 18:11:10,,
19.09.2019 18:12:10,,
19.09.2019 18:13:10,,
19.09.2019 18:14:10,0.15,12.5328
19.09.2019 18:15:10,0.15,12.2645
19.09.2019 18:16:10,0.15,14.0513
19.09.2019 18:17:10,0.15,13.0204
19.09.2019 18:18:10,0.15,11.8339
19.09.2019 18:19:10,0.15,12.9457
19.09.2019 18:20:10,0.2,19.4219
19.09.2019 18:24:10,0.2,17.9514
19.09.2019 18:25:10,0.2,19.6616
19.09.2019 18:26:10,0.2,19.2155
19.09.2019 18:27:10,0.2,14.6746
19.09.2019 18:28:10,0.2,16.0826
19.09.2019 18:29:10,0.2,22.7429
19.09.2019 18:30:10,0.3,20.2306
19.09.2019 18:34:10,0.3,24.6966
19.09.2019 18:35:10,0.3,26.0283
19.09.2019 18:36:10,0.3,34.1728
19.09.2019 18:37:10,0.3,34.9735
19.09.2019 18:38:10,0.3,36.711
19.09.2019 18:39:10,0.3,36.8475
19.09.2019 18:40:10,0.5,52.2845
19.09.2019 18:44:10,0.5,53.5752
19.09.2019 18:45:10,0.5,51.351
19.09.2019 18:46:10,0.5,53.038
19.09.2019 18:47:10,0.5,46.7808
19.09.2019 18:48:10,0.5,46.0754
19.09.2019 18:49:10,0.5,45.5729
19.09.2019 18:50:10,1,86.0311
19.09.2019 18:54:00,1,99.041
19.09.2019 18:55:00,1,246.656
19.09.2019 18:56:00,1,124.01
19.09.2019 18:57:00,1,47.3588
19.09.2019 18:58:00,1,59.2402
19.09.2019 18:59:00,,
19.09.2019 19:00:10,0.15,15.2433
19.09.2019 19:04:10,0.15,9.09755
19.09.2019 19:05:10,0.15,7.1247
19.09.2019 19:06:10,0.15,7.16597
19.09.2019 19:07:10,0.15,9.94449
19.09.2019 19:08:10,0.15,10.372
19.09.2019 19:09:10,0.15,11.5755
19.09.2019 19:10:10,0.15,11.2666
19.09.2019 19:11:10,0.15,12.4364
19.09.2019 19:12:10,0.15,11.9853
19.09.2019 19:13:10,0.15,12.2538
19.09.2019 19:14:10,0.15,11.6873
19.09.2019 19:15:10,0.15,9.84015
19.09.2019 19:16:10,0.15,11.0973
19.09.2019 19:17:10,0.15,13.5761
19.09.2019 19:18:10,0.15,12.9407
19.09.2019 19:19:10,0.15,12.3046
19.09.2019 19:20:10,0.2,13.5749
19.09.2019 19:24:10,0.2,11.8379
19.09.2019 19:25:10,0.2,11.7852
19.09.2019 19:26:10,0.2,12.0728
19.09.2019 19:27:10,0.2,11.9962
19.09.2019 19:28:10,0.2,11.5683
19.09.2019 19:29:10,0.2,10.5956
19.09.2019 19:30:10,0.3,12.6565
19.09.2019 19:34:10,0.3,11.8096
19.09.2019 19:35:10,0.3,12.0149
19.09.2019 19:36:10,0.3,13.5061
19.09.2019 19:37:10,0.3,13.9303
19.09.2019 19:38:10,0.3,13.7799
19.09.2019 19:39:10,0.3,12.6168
19.09.2019 19:40:10,0.5,14.6621
19.09.2019 19:44:10,0.5,13.7443
19.09.2019 19:45:10,0.5,15.5351
19.09.2019 19:46:10,0.5,15.7514
19.09.2019 19:47:10,0.5,16.6571
19.09.2019 19:48:10,0.5,17.7616
19.09.2019 19:49:10,0.5,19.5592
19.09.2019 19:50:10,1,35.0511
19.09.2019 19:54:00,1,38.0672
19.09.2019 19:55:00,1,44.0816
19.09.2019 19:56:00,1,48.6331
19.09.2019 19:57:00,1,56.7211
19.09.2019 19:58:00,1,65.2654
19.09.2019 19:59:00,,
19.09.2019 20:00:10,0.15,28.0902
19.09.2019 20:04:10,0.15,9.83236
19.09.2019 20:05:10,0.15,11.9362
19.09.2019 20:06:10,0.15,11.1935
19.09.2019 20:07:10,0.15,11.7934
19.09.2019 20:08:10,,
19.09.2019 20:09:10,,
19.09.2019 20:10:10,0.15,13.9397
19.09.2019 20:11:10,,
19.09.2019 20:12:10,0.15,14.7098
19.09.2019 20:13:10,0.15,14.6064
19.09.2019 20:14:10,0.15,13.8507
19.09.2019 20:15:10,0.15,15.2605
19.09.2019 20:16:10,0.15,16.4977
19.09.2019 20:17:10,0.15,16.5121
19.09.2019 20:18:10,0.15,15.5309
19.09.2019 20:19:10,0.15,17.6104
19.09.2019 20:20:10,0.2,21.7911
19.09.2019 20:24:10,0.2,22.2991
19.09.2019 20:25:10,0.2,23.8277
19.09.2019 20:26:10,0.2,22.2352
19.09.2019 20:27:10,0.2,21.9279
19.09.2019 20:28:10,0.2,24.8806
19.09.2019 20:29:10,0.2,34.5187
19.09.2019 20:30:10,0.3,31.4434
19.09.2019 20:34:10,0.3,33.8088
19.09.2019 20:35:10,0.3,36.3762
19.09.2019 20:36:10,0.3,41.4551
19.09.2019 20:37:10,0.3,38.088
19.09.2019 20:38:10,0.3,46.1988
19.09.2019 20:39:10,0.3,49.0416
19.09.2019 20:40:10,0.5,66.6376
19.09.2019 20:44:10,0.5,40.5172
19.09.2019 20:45:10,0.5,36.9063
19.09.2019 20:46:10,0.5,31.6197
19.09.2019 20:47:10,0.5,33.5273
19.09.2019 20:48:10,0.5,39.7719
19.09.2019 20:49:10,0.5,34.8174
19.09.2019 20:50:10,1,81.0564
19.09.2019 20:54:00,1,145.775
19.09.2019 20:55:00,1,85.4778
19.09.2019 20:56:00,1,38.4749
19.09.2019 20:57:00,1,49.3048
19.09.2019 20:58:00,1,42.5848
19.09.2019 20:59:00,,
19.09.2019 21:00:10,0.15,17.8762
19.09.2019 21:04:10,0.15,10.4499
19.09.2019 21:05:10,0.15,11.5116
19.09.2019 21:06:10,0.15,12.1914
19.09.2019 21:07:10,0.15,11.9234
19.09.2019 21:08:10,,
19.09.2019 21:09:10,0.15,13.2375
19.09.2019 21:10:10,0.15,14.4845
19.09.2019 21:11:10,0.15,12.0647
19.09.2019 21:12:10,0.15,15.3051
19.09.2019 21:13:10,0.15,13.1872
19.09.2019 21:14:10,0.15,13.0469
19.09.2019 21:15:10,0.15,15.6105
19.09.2019 21:16:10,0.15,12.9769
19.09.2019 21:17:10,0.15,14.6289
19.09.2019 21:18:10,0.15,13.4512
19.09.2019 21:19:10,0.15,14.8394
19.09.2019 21:20:10,0.2,25.602
19.09.2019 21:24:10,0.2,30.7478
19.09.2019 21:25:10,0.2,30.0945
19.09.2019 21:26:10,0.2,26.4078
19.09.2019 21:27:10,0.2,26.1913
19.09.2019 21:28:10,0.2,24.6767
19.09.2019 21:29:10,0.2,44.4488
19.09.2019 21:30:10,0.3,35.8903
19.09.2019 21:34:10,0.3,23.6814
19.09.2019 21:35:10,0.3,21.3821
19.09.2019 21:36:10,0.3,17.8866
19.09.2019 21:37:10,0.3,14.9431
19.09.2019 21:38:10,0.3,17.1677
19.09.2019 21:39:10,0.3,18.3642
19.09.2019 21:40:10,0.5,42.8548
19.09.2019 21:44:10,0.5,32.0414
19.09.2019 21:45:10,0.5,24.2933
19.09.2019 21:46:10,0.5,23.6479
19.09.2019 21:47:10,0.5,24.6688
19.09.2019 21:48:10,0.5,22.506
19.09.2019 21:49:10,0.5,21.0512
19.09.2019 21:50:10,1,51.1963
19.09.2019 21:54:00,1,46.7714
19.09.2019 21:55:00,1,41.2866
19.09.2019 21:56:00,1,39.4422
19.09.2019 21:57:00,1,38.5843
19.09.2019 21:58:00,1,38.6234
19.09.2019 21:59:00,,
19.09.2019 22:00:10,0.15,26.8966
19.09.2019 22:04:10,0.15,12.9184
19.09.2019 22:05:10,0.15,11.2271
19.09.2019 22:06:10,,
19.09.2019 22:07:10,,
19.09.2019 22:08:10,,
19.09.2019 22:09:10,0.15,9.99362
19.09.2019 22:10:10,,
19.09.2019 22:11:10,,
19.09.2019 22:12:10,,
19.09.2019 22:13:10,,
19.09.2019 22:14:10,,
19.09.2019 22:15:10,,
19.09.2019 22:16:10,,
19.09.2019 22:17:10,,
19.09.2019 22:18:10,0.15,15.7495
19.09.2019 22:19:10,0.15,15.2514
19.09.2019 22:20:10,0.2,22.2307
19.09.2019 22:24:10,0.2,22.0232
19.09.2019 22:25:10,0.2,22.4157
19.09.2019 22:26:10,0.2,21.6786
19.09.2019 22:27:10,0.2,22.5103
19.09.2019 22:28:10,0.2,22.4932
19.09.2019 22:29:10,0.2,23.3071
19.09.2019 22:30:10,0.3,33.6806
19.09.2019 22:34:10,0.3,35.6575
19.09.2019 22:35:10,0.3,33.2836
19.09.2019 22:36:10,0.3,31.6026
19.09.2019 22:37:10,0.3,29.3555
19.09.2019 22:38:10,0.3,29.6035
19.09.2019 22:39:10,0.3,30.5604
19.09.2019 22:40:10,0.5,32.4074
19.09.2019 22:44:10,0.5,34.6756
19.09.2019 22:45:10,0.5,69.8939
19.09.2019 22:46:10,0.5,67.1248
19.09.2019 22:47:10,0.5,36.8897
19.09.2019 22:48:10,0.5,35.4376
19.09.2019 22:49:10,0.5,30.4432
19.09.2019 22:50:10,1,57.6365
19.09.2019 22:54:00,1,47.1659
19.09.2019 22:55:00,1,47.4414
19.09.2019 22:56:00,1,50.3087
19.09.2019 22:57:00,1,48.5427
19.09.2019 22:58:00,1,46.2121
19.09.2019 22:59:00,,
19.09.2019 23:00:10,0.15,15.8563
19.09.2019 23:04:10,0.15,12.4862
19.09.2019 23:05:10,0.15,12.7132
19.09.2019 23:06:10,0.15,12.6841
19.09.2019 23:07:10,0.15,12.9935
19.09.2019 23:08:10,0.15,13.9699
19.09.2019 23:09:10,0.15,16.1187
19.09.2019 23:10:10,0.15,14.9438
19.09.2019 23:11:10,0.15,17.7548
19.09.2019 23:12:10,0.15,16.7882
19.09.2019 23:13:10,0.15,15.4238
19.09.2019 23:14:10,0.15,16.77
19.09.2019 23:15:10,0.15,16.6191
19.09.2019 23:16:10,0.15,17.1489
19.09.2019 23:17:10,0.15,16.444
19.09.2019 23:18:10,0.15,17.9577
19.09.2019 23:19:10,0.15,18.0169
19.09.2019 23:20:10,0.2,23.5634
19.09.2019 23:24:10,0.2,24.3954
19.09.2019 23:25:10,0.2,23.2406
19.09.2019 23:26:10,0.2,25.0738
19.09.2019 23:27:10,0.2,24.8427
19.09.2019 23:28:10,0.2,23.357
19.09.2019 23:29:10,0.2,23.8416
19.09.2019 23:30:10,0.3,30.0624
19.09.2019 23:34:10,0.3,27.8681
19.09.2019 23:35:10,0.3,29.5895
19.09.2019 23:36:10,0.3,28.0708
19.09.2019 23:37:10,0.3,27.6442
19.09.2019 23:38:10,0.3,27.6495
19.09.2019 23:39:10,0.3,28.4082
19.09.2019 23:40:10,0.5,32.8097
19.09.2019 23:44:10,0.5,30.5453
19.09.2019 23:45:10,0.5,32.1622
19.09.2019 23:46:10,0.5,32.7637
19.09.2019 23:47:10,0.5,30.5719
19.09.2019 23:48:10,0.5,30.339
19.09.2019 23:49:10,0.5,30.9529
19.09.2019 23:50:10,1,45.0646
19.09.2019 23:54:00,1,43.36
19.09.2019 23:55:00,1,45.1047
19.09.2019 23:56:00,1,40.8565
19.09.2019 23:57:00,1,41.5867
19.09.2019 23:58:00,1,41.4961
19.09.2019 23:59:00,,
20.09.2019 00:00:10,,
20.09.2019 00:04:10,0.15,15.1219
20.09.2019 00:05:10,,
20.09.2019 00:06:10,,
20.09.2019 00:07:10,,
20.09.2019 00:08:10,,
20.09.2019 00:09:10,0.15,16.4298
20.09.2019 00:10:10,0.15,20.3928
20.09.2019 00:11:10,0.15,19.4282
20.09.2019 00:12:10,0.15,19.0156
20.09.2019 00:13:10,0.15,14.1555
20.09.2019 00:14:10,0.15,17.3754
20.09.2019 00:15:10,0.15,18.8619
20.09.2019 00:16:10,0.15,22.7862
20.09.2019 00:17:10,0.15,22.7612
20.09.2019 00:18:10,0.15,20.1584
20.09.2019 00:19:10,0.15,20.3886
20.09.2019 00:20:10,0.2,29.2527
20.09.2019 00:24:10,0.2,28.7121
20.09.2019 00:25:10,0.2,29.4219
20.09.2019 00:26:10,0.2,28.5684
20.09.2019 00:27:10,0.2,29.7348
20.09.2019 00:28:10,0.2,28.0432
20.09.2019 00:29:10,0.2,27.8353
20.09.2019 00:30:10,0.3,36.8719
20.09.2019 00:34:10,0.3,36.2219
20.09.2019 00:35:10,0.3,37.1704
20.09.2019 00:36:10,0.3,33.7982
20.09.2019 00:37:10,0.3,35.7863
20.09.2019 00:38:10,0.3,33.1205
20.09.2019 00:39:10,0.3,34.0458
20.09.2019 00:40:10,0.5,41.4973
20.09.2019 00:44:10,0.5,41.2646
20.09.2019 00:45:10,0.5,38.4656
20.09.2019 00:46:10,0.5,38.9928
20.09.2019 00:47:10,0.5,40.4988
20.09.2019 00:48:10,0.5,40.7677
20.09.2019 00:49:10,0.5,39.7049
20.09.2019 00:50:10,1,73.3551
20.09.2019 00:54:00,1,88.4019
20.09.2019 00:55:00,1,75.1029
20.09.2019 00:56:00,1,223.639
20.09.2019 00:57:00,1,141.46
20.09.2019 00:58:00,1,69.2583
20.09.2019 00:59:00,,
20.09.2019 01:00:10,0.15,25.3513
20.09.2019 01:04:10,0.15,13.539
20.09.2019 01:05:10,,
20.09.2019 01:06:10,0.15,13.5045
20.09.2019 01:07:10,0.15,15.7233
20.09.2019 01:08:10,,
20.09.2019 01:09:10,,
20.09.2019 01:10:10,,
20.09.2019 01:11:10,0.15,15.3637
20.09.2019 01:12:10,0.15,17.0816
20.09.2019 01:13:10,0.15,14.7459
20.09.2019 01:14:10,,
20.09.2019 01:15:10,,
20.09.2019 01:16:10,0.15,15.3504
20.09.2019 01:17:10,0.15,16.8954
20.09.2019 01:18:10,0.15,16.3381
20.09.2019 01:19:10,0.15,15.9919
20.09.2019 01:20:10,0.2,21.7603
20.09.2019 01:24:10,0.2,19.5071
20.09.2019 01:25:10,0.2,19.9726
20.09.2019 01:26:10,0.2,21.0938
20.09.2019 01:27:10,0.2,19.1394
20.09.2019 01:28:10,0.2,20.6299
20.09.2019 01:29:10,0.2,20.4253
20.09.2019 01:30:10,0.3,25.0751
20.09.2019 01:34:10,0.3,22.9452
20.09.2019 01:35:10,0.3,23.2238
20.09.2019 01:36:10,0.3,24.1322
20.09.2019 01:37:10,0.3,24.5841
20.09.2019 01:38:10,0.3,22.6204
20.09.2019 01:39:10,0.3,23.6192
20.09.2019 01:40:10,0.5,95.1067
20.09.2019 01:44:10,0.5,66.0178
20.09.2019 01:45:10,0.5,28.2759
20.09.2019 01:46:10,0.5,30.0307
20.09.2019 01:47:10,0.5,29.8052
20.09.2019 01:48:10,0.5,28.5737
20.09.2019 01:49:10,0.5,29.351
20.09.2019 01:50:10,1,128.488
20.09.2019 01:54:00,1,72.7163
20.09.2019 01:55:00,1,53.4767
20.09.2019 01:56:00,1,44.6521
20.09.2019 01:57:00,1,39.6803
20.09.2019 01:58:00,1,39.243
20.09.2019 01:59:00,,
20.09.2019 02:00:10,0.15,20.8411
20.09.2019 02:04:10,0.15,15.0888
20.09.2019 02:05:10,0.15,15.1121
20.09.2019 02:06:10,,
20.09.2019 02:07:10,,
20.09.2019 02:08:10,0.15,18.8196
20.09.2019 02:09:10,,
20.09.2019 02:10:10,,
20.09.2019 02:11:10,0.15,15.9926
20.09.2019 02:12:10,,
20.09.2019 02:13:10,,
20.09.2019 02:14:10,0.15,19.6511
20.09.2019 02:15:10,,
20.09.2019 02:16:10,0.15,19.3379
20.09.2019 02:17:10,0.15,21.4295
20.09.2019 02:18:10,0.15,20.5367
20.09.2019 02:19:10,0.15,18.9197
20.09.2019 02:20:10,0.2,25.1616
20.09.2019 02:24:10,0.2,25.7015
20.09.2019 02:25:10,0.2,25.7763
20.09.2019 02:26:10,0.2,26.3844
20.09.2019 02:27:10,0.2,26.1419
20.09.2019 02:28:10,0.2,25.5565
20.09.2019 02:29:10,0.2,27.2854
20.09.2019 02:30:10,0.3,31.005
20.09.2019 02:33:20,0.3,33.0875
20.09.2019 02:34:20,0.3,34.8413
20.09.2019 02:35:20,0.3,32.204
20.09.2019 02:36:20,0.3,32.6484
20.09.2019 02:37:20,0.3,31.6663
20.09.2019 02:38:20,0.3,30.7044
20.09.2019 02:39:20,0.3,33.7697
20.09.2019 02:40:20,0.5,36.8126
20.09.2019 02:44:20,0.5,34.4656
20.09.2019 02:45:20,0.5,33.6926
20.09.2019 02:46:20,0.5,34.4152
20.09.2019 02:47:20,0.5,34.1889
20.09.2019 02:48:20,0.5,35.9168
20.09.2019 02:49:20,0.5,38.3698
20.09.2019 02:50:20,1,46.8857
20.09.2019 02:54:00,1,47.2598
20.09.2019 02:55:00,1,48.3798
20.09.2019 02:56:00,1,48.4087
20.09.2019 02:57:00,1,197.112
20.09.2019 02:58:00,1,155.165
20.09.2019 02:59:00,,
20.09.2019 03:00:10,,
20.09.2019 03:00:20,0.15,19.8536
20.09.2019 03:04:20,,
20.09.2019 03:05:20,,
20.09.2019 03:06:20,,
20.09.2019 03:07:20,,
20.09.2019 03:08:20,0.15,17.3132
20.09.2019 03:09:20,0.15,17.0562
20.09.2019 03:10:20,0.15,20.3196
20.09.2019 03:11:20,,
20.09.2019 03:12:20,,
20.09.2019 03:13:20,,
20.09.2019 03:14:20,,
20.09.2019 03:15:20,,
20.09.2019 03:16:20,0.15,19.4671
20.09.2019 03:17:20,0.15,19.9343
20.09.2019 03:18:20,0.15,20.9719
20.09.2019 03:19:20,,
20.09.2019 03:20:20,0.2,24.6727
20.09.2019 03:24:20,0.2,24.8063
20.09.2019 03:25:20,0.2,24.2569
20.09.2019 03:26:20,0.2,25.3379
20.09.2019 03:27:20,0.2,25.031
20.09.2019 03:28:20,0.2,23.175
20.09.2019 03:29:20,0.2,25.4635
20.09.2019 03:30:20,0.3,39.0263
20.09.2019 03:34:20,0.3,40.7699
20.09.2019 03:35:20,0.3,50.2546
20.09.2019 03:36:20,0.3,30.8537
20.09.2019 03:37:20,0.3,28.7194
20.09.2019 03:38:20,0.3,29.0826
20.09.2019 03:39:20,0.3,27.3463
20.09.2019 03:40:20,0.5,30.2167
20.09.2019 03:44:20,0.5,31.4958
20.09.2019 03:45:20,0.5,29.9179
20.09.2019 03:46:20,0.5,31.8828
20.09.2019 03:47:20,0.5,31.6341
20.09.2019 03:48:20,0.5,32.2375
20.09.2019 03:49:20,0.5,31.8697
20.09.2019 03:50:20,1,49.8272
20.09.2019 03:54:00,1,47.8311
20.09.2019 03:55:00,1,48.3914
20.09.2019 03:56:00,1,46.0206
20.09.2019 03:57:00,1,39.0029
20.09.2019 03:58:00,1,34.0472
20.09.2019 03:59:00,,
20.09.2019 04:00:10,,
20.09.2019 04:00:20,0.15,28.3605
20.09.2019 04:04:20,,
20.09.2019 04:05:20,,
20.09.2019 04:06:20,,
20.09.2019 04:07:20,0.15,20.9762
20.09.2019 04:08:20,,
20.09.2019 04:09:20,,
20.09.2019 04:10:20,,
20.09.2019 04:11:20,0.15,22.6239
20.09.2019 04:12:20,0.15,21.2188
20.09.2019 04:13:20,0.15,21.7062
20.09.2019 04:14:20,0.15,22.5492
20.09.2019 04:15:20,,
20.09.2019 04:16:20,,
20.09.2019 04:17:20,0.15,24.1559
20.09.2019 04:18:20,0.15,23.8083
20.09.2019 04:19:20,0.15,24.9567
20.09.2019 04:20:20,0.2,29.5702
20.09.2019 04:24:20,0.2,32.4782
20.09.2019 04:25:20,0.2,29.0142
20.09.2019 04:26:20,0.2,29.718
20.09.2019 04:27:20,0.2,34.5245
20.09.2019 04:28:20,0.2,32.5756
20.09.2019 04:29:20,0.2,31.9556
20.09.2019 04:30:20,0.3,48.4672
20.09.2019 04:34:20,0.3,54.1301
20.09.2019 04:35:20,0.3,39.9578
20.09.2019 04:36:20,0.3,37.8122
20.09.2019 04:37:20,0.3,40.1848
20.09.2019 04:38:20,0.3,42.3099
20.09.2019 04:39:20,0.3,43.112
20.09.2019 04:40:20,0.5,49.896
20.09.2019 04:44:20,0.5,58.5727
20.09.2019 04:45:20,0.5,59.637
20.09.2019 04:46:20,0.5,56.6203
20.09.2019 04:47:20,0.5,56.2815
20.09.2019 04:48:20,0.5,59.374
20.09.2019 04:49:20,0.5,57.7163
20.09.2019 04:50:20,1,309.705
20.09.2019 04:54:00,1,363.62
20.09.2019 04:55:00,1,138.248
20.09.2019 04:56:00,1,149.508
20.09.2019 04:57:00,1,131.619
20.09.2019 04:58:00,1,111.935
20.09.2019 04:59:00,,
20.09.2019 05:00:10,,
20.09.2019 05:00:20,0.15,23.2123
20.09.2019 05:04:20,0.15,17.5839
20.09.2019 05:05:20,0.15,19.2101
20.09.2019 05:06:20,,
20.09.2019 05:07:20,0.15,20.0494
20.09.2019 05:08:20,0.15,18.8515
20.09.2019 05:09:20,0.15,24.8111
20.09.2019 05:10:20,0.15,27.6747
20.09.2019 05:11:20,0.15,23.7895
20.09.2019 05:12:20,,
20.09.2019 05:13:20,0.15,31.5383
20.09.2019 05:14:20,0.15,24.7821
20.09.2019 05:15:20,,
20.09.2019 05:16:20,0.15,31.2297
20.09.2019 05:17:20,0.15,31.2714
20.09.2019 05:18:20,0.15,25.8316
20.09.2019 05:19:20,0.15,25.2877
20.09.2019 05:20:20,0.2,36.7272
20.09.2019 05:24:20,0.2,36.9713
20.09.2019 05:25:20,0.2,40.3272
20.09.2019 05:26:20,0.2,39.3521
20.09.2019 05:27:20,0.2,37.249
20.09.2019 05:28:20,0.2,33.8091
20.09.2019 05:29:20,0.2,37.6346
20.09.2019 05:30:20,0.3,50.1952
20.09.2019 05:34:20,0.3,49.823
20.09.2019 05:35:20,0.3,49.6276
20.09.2019 05:36:20,0.3,50.5354
20.09.2019 05:37:20,0.3,46.3339
20.09.2019 05:38:20,0.3,48.0584
20.09.2019 05:39:20,0.3,51.5204
20.09.2019 05:40:20,0.5,131.999
20.09.2019 05:44:20,0.5,118.11
20.09.2019 05:45:20,0.5,89.2935
20.09.2019 05:46:20,0.5,76.3607
20.09.2019 05:47:20,0.5,80.5084
20.09.2019 05:48:20,0.5,76.1444
20.09.2019 05:49:20,0.5,70.3782
20.09.2019 05:50:20,1,116.821
20.09.2019 05:54:00,1,236.26
20.09.2019 05:55:00,1,562.544
20.09.2019 05:56:00,1,473.785
20.09.2019 05:57:00,1,580.465
20.09.2019 05:58:00,1,575.972
20.09.2019 05:59:00,,
20.09.2019 06:00:10,,
20.09.2019 06:00:20,,
20.09.2019 06:04:20,0.15,23.2663
20.09.2019 06:05:20,0.15,24.0708
20.09.2019 06:06:20,,
20.09.2019 06:07:20,,
20.09.2019 06:08:20,,
20.09.2019 06:09:20,,
20.09.2019 06:10:20,0.15,28.7999
20.09.2019 06:11:20,,
20.09.2019 06:12:20,,
20.09.2019 06:13:20,0.15,33.1348
20.09.2019 06:14:20,,
20.09.2019 06:15:20,0.15,32.9569
20.09.2019 06:16:20,0.15,33.0523
20.09.2019 06:17:20,0.15,32.0028
20.09.2019 06:18:20,0.15,35.026
20.09.2019 06:19:20,0.15,33.8817
20.09.2019 06:20:20,0.2,44.6261
20.09.2019 06:24:20,0.2,48.2568
20.09.2019 06:25:20,0.2,49.666
20.09.2019 06:26:20,0.2,49.0144
20.09.2019 06:27:20,0.2,49.5858
20.09.2019 06:28:20,0.2,49.5672
20.09.2019 06:29:20,0.2,47.5847
20.09.2019 06:30:20,0.3,57.4266
20.09.2019 06:34:20,0.3,55.4775
20.09.2019 06:35:20,0.3,57.7449
20.09.2019 06:36:20,0.3,53.9901
20.09.2019 06:37:20,0.3,55.9403
20.09.2019 06:38:20,0.3,53.2367
20.09.2019 06:39:20,0.3,53.4666
20.09.2019 06:40:20,0.5,59.9846
20.09.2019 06:44:20,0.5,62.4296
20.09.2019 06:45:20,0.5,64.0266
20.09.2019 06:46:20,0.5,59.9164
20.09.2019 06:47:20,0.5,60.3752
20.09.2019 06:48:20,0.5,57.8396
20.09.2019 06:49:20,0.5,55.4593
20.09.2019 06:50:20,1,121.868
20.09.2019 06:54:00,1,150.571
20.09.2019 06:55:00,1,140.689
20.09.2019 06:56:00,1,185.652
20.09.2019 06:57:00,1,132.926
20.09.2019 06:58:00,1,78.8491
20.09.2019 06:59:00,,
20.09.2019 07:00:10,,
20.09.2019 07:00:20,,
20.09.2019 07:04:20,,
20.09.2019 07:05:20,,
20.09.2019 07:06:20,0.15,30.6707
20.09.2019 07:07:20,,
20.09.2019 07:08:20,,
20.09.2019 07:09:20,,
20.09.2019 07:10:20,,
20.09.2019 07:11:20,,
20.09.2019 07:12:20,0.15,52.3986
20.09.2019 07:13:20,0.15,51.0372
20.09.2019 07:14:20,,
20.09.2019 07:15:20,,
20.09.2019 07:16:20,,
20.09.2019 07:17:20,,
20.09.2019 07:18:20,,
20.09.2019 07:19:20,,
20.09.2019 07:20:20,0.2,58.9415
20.09.2019 07:24:20,0.2,58.6722
20.09.2019 07:25:20,0.2,71.5773
20.09.2019 07:26:20,0.2,67.9538
20.09.2019 07:27:20,0.2,68.1155
20.09.2019 07:28:20,0.2,62.4182
20.09.2019 07:29:20,0.2,63.1821
20.09.2019 07:30:20,,
20.09.2019 07:34:20,,
20.09.2019 07:35:20,,
20.09.2019 07:36:20,,
20.09.2019 07:37:20,0.3,74.5981
20.09.2019 07:38:20,0.3,78.0878
20.09.2019 07:39:20,,
20.09.2019 07:40:20,0.5,88.7539
20.09.2019 07:44:20,0.5,106.678
20.09.2019 07:45:20,0.5,96.7708
20.09.2019 07:46:20,,
20.09.2019 07:47:20,0.5,86.8235
20.09.2019 07:48:20,0.5,89.4856
20.09.2019 07:49:20,,
20.09.2019 07:50:20,,
20.09.2019 07:54:00,,
20.09.2019 07:55:00,,
20.09.2019 07:56:00,,
20.09.2019 07:57:00,1,185.491
20.09.2019 07:58:00,,
